https://www.waymotorworks.com/m14-to-m12-stud-conversion-kit.html,
http://waymotorworks.com/exhaust-downpipe-clamp-r55-r56-r57-r58-r59-r60-r61.html,
http://www.waymotorworks.com/cravenspeed-big-pair-braces-f60-countryman.html,
http://www.waymotorworks.com/08-clubman-r55/maintenance/all/index4.html,
https://www.waymotorworks.com/supertech-connecting-rod-set-n14-n18-engine.html,
https://www.waymotorworks.com/tsw-rear-sway-bar-19mm.html,
http://www.waymotorworks.com/specials-and-used-parts/used-parts/r50-r52-r53/index6.html,
https://www.waymotorworks.com/rear-wheel-arch-clips-r50-r52-r53.html,
https://www.waymotorworks.com/k-n-drop-in-filter-r55-r56-r57-r58-r59-cooper-s.html,
https://www.waymotorworks.com/sachs-shocks-r55-r56-r57-r58-r59.html,
http://www.waymotorworks.com/exhaust-downpipe-clamp-r55-r56-r57-r58-r59-r60-r61.html,
https://waymotorworks.com/exhaust-downpipe-clamp-r55-r56-r57-r58-r59-r60-r61.html,
https://www.waymotorworks.com/exhaust-downpipe-clamp-r55-r56-r57-r58-r59-r60-r61.html,
https://www.waymotorworks.com/used-rubber-hood-seal-r50-r52-r53.html?js=n,
https://www.waymotorworks.com/black-beltline-trim-kit-f55-mini-4-door.html,
https://www.waymotorworks.com/outside-door-handle-r50-r52-r53.html,
https://www.waymotorworks.com/brake-caliper-seals-r55-r56-r57-r58-r59.html?printable=Y,
https://www.waymotorworks.com/08-10-clubman-r55/handling/suspension/index5.html,
https://www.waymotorworks.com/oil-pump-chain-cover-r55-r56-r57-r58-r59-r60-cooper-s.html,
https://www.waymotorworks.com/grille-badge-holder-oem.html,
https://www.waymotorworks.com/02-06-cooper-r50/handling/index2.html,
http://waymotorworks.com/black-out-tail-light-trim-rings-r56-r57-r58-r59.html,
https://www.waymotorworks.com/cylinder-head-rebuild-r55-r56-r57-r58-r59-r60-r61.html,
https://www.waymotorworks.com/black-out-tail-light-trim-rings-r56-r57-r58-r59.html,
https://waymotorworks.com/manufacturers/?page=120,
https://www.waymotorworks.com/oil-pan-gasket-r55-r56-r57-r58-r59-r60-r61.html,
http://www.waymotorworks.com/zimmerman-john-cooper-works-brake-rotors-r50-r53-r52.html,
https://www.waymotorworks.com/09-10-cabrio-r57/maintenance/index3.html?sort=price,
https://www.waymotorworks.com/09-cooper-cabrio-s-r57/performance/drivetrain/engine-parts/,
https://www.waymotorworks.com/02-06-cooper-s-r53/index29.html,
https://www.waymotorworks.com/focus-st-kw-variant-3-coilovers.html,
https://www.waymotorworks.com/02-06-cooper-s-r53/maintenance/index9.html,
https://www.waymotorworks.com/09-10-cabrio-r57/maintenance/index3.html?printable=Y,
https://www.waymotorworks.com/intakes/index2.html,
http://www.waymotorworks.com/r55-chrome-letter-badge.html?js=n,
http://www.waymotorworks.com/focus-st-powerflex-front-control-arm-bushings.html?js=n,
https://www.waymotorworks.com/mini-bottle-opener-key-chain.html?js=n,
https://www.waymotorworks.com/used-oem-r52-r53-intercooler.html,
https://www.waymotorworks.com/crankshaft-harmonic-balancer-pulley-f54-f55-f56-f57-f60-non-s.html,
https://www.waymotorworks.com/used-head-screw-plugs-r50-r52-r53.html,
https://www.waymotorworks.com/09-10-cabrio-r57/index26.html,
https://www.waymotorworks.com/jcw-john-cooper-works-tuning-kit-for-r55-r56-r57.html,
http://www.waymotorworks.com/wmw/index2.html,
https://www.waymotorworks.com/12-coupe-s-r58/handling/suspension/index4.html,
https://www.waymotorworks.com/oem-head-gasket.html,
https://www.waymotorworks.com/rear-wiper-motor-adapter-cable.html,
https://www.waymotorworks.com/stock-oem-exhaust-manifold-cat-r50-r52-r53.html,
https://www.waymotorworks.com/used-power-steering-tank-bracket-r50-r52-r53.html,
https://www.waymotorworks.com/ported-and-polished-intake-manifolds.html,
http://www.waymotorworks.com/powerflex-differential-bushing-r60-all-4.html,
https://www.waymotorworks.com/powerflex-differential-bushing-r60-all-4.html,
http://www.waymotorworks.com/product.php?productid=16171&cat=0&page=1,
http://www.waymotorworks.com/afe-intake-bmw-335xi.html?printable=Y,
http://www.waymotorworks.com/product.php?productid=16177&cat=271&page=1,
https://www.waymotorworks.com/arp-head-stud-kit-r50-r52-r53.html,
http://www.waymotorworks.com/specials-and-used-parts/used-parts/r50-r52-r53/index2.html,
https://www.waymotorworks.com/05-08-cooper-cabrio-r52/performance/drivetrain/engine-parts/index3.html,
https://www.waymotorworks.com/os-giken-gt-clutch-r60-countryman-s.html?js=n,
https://www.waymotorworks.com/mass-air-flow-sensor-cooper-s-n14.html?printable=Y,
https://www.waymotorworks.com/countryman-black-all-4-badge.html?printable=Y,
https://www.waymotorworks.com/09-10-cabrio-r57/interior/guages/,
https://www.waymotorworks.com/09-10-cabrio-r57/handling/suspension/braces-bushings-plates/index2.html,
https://waymotorworks.com/product.php?productid=16931&cat=0&page=1,
https://www.waymotorworks.com/ultimate-supercharger-oil-change-kit-r52-r53.html,
https://www.waymotorworks.com/09-10-cabrio-r57/handling/index5.html,
https://www.waymotorworks.com/12-roadster-s-r59/maintenance/index7.html?sort=title,
https://www.waymotorworks.com/handling/suspension/braces-bushings/index4.html?js=n,
https://www.waymotorworks.com/used-outside-door-mirror-r50-r52-r53.html?printable=Y,
http://www.waymotorworks.com/door-lock-actuator-r60-countryman-r61-paceman.html?printable=Y,
https://www.waymotorworks.com/h-r-street-performance-coilovers-r50-r53.html,
http://www.waymotorworks.com/nm-discharge-pipe-black.html,
https://www.waymotorworks.com/12-roadster-s-r59/maintenance/index7.html?sort_direction=1,
http://www.waymotorworks.com/14-f56-cooper-s/index9.html?sort=title,
https://www.waymotorworks.com/12-coupe-s-r58/index17.html?sort=price,
https://www.waymotorworks.com/12-roadster-r59/index10.html,
http://www.waymotorworks.com/02-06-cooper-r50/maintenance/index6.html,
https://www.waymotorworks.com/12-roadster-s-r59/performance/drivetrain/index8.html,
https://www.waymotorworks.com/jeep-liberty-radiator.html,
https://www.waymotorworks.com/11-countryman-r60/index5.html?sort_direction=1,
https://www.waymotorworks.com/wmw-ecu-tune-r50-r52-cooper-non-s.html,
https://www.waymotorworks.com/megan-racing-r50-r53-coilovers.html,
http://www.waymotorworks.com/used-head-screw-plugs-r50-r52-r53.html,
https://www.waymotorworks.com/09-10-cabrio-r57/maintenance/index3.html?sort_direction=1,
https://www.waymotorworks.com/08-10-clubman-r55/handling/suspension/index3.html,
https://www.waymotorworks.com/11-countryman-r60/exterior/accessories/index2.html,
https://www.waymotorworks.com/stock-clutch-kit-r52-r53-cooper-s.html,
https://www.waymotorworks.com/02-06-cooper-r50/handling/suspension/index5.html?sort=price,
https://www.waymotorworks.com/handling/index12.html?sort=title,
https://www.waymotorworks.com/chassis-bones-body-braces-f55-f56-f57.html,
https://www.waymotorworks.com/07-10-cooper-r56/exterior/index3.html,
https://waymotorworks.com/manufacturers/?manufacturerid=26&page=100,
http://www.waymotorworks.com/home.php?printable=Y&cat=1350,
https://www.waymotorworks.com/11-countryman-r60/index8.html,
https://www.waymotorworks.com/02-06-cooper-s-r53/handling/index2.html,
http://www.waymotorworks.com/grille-badge-holder-oem.html,
http://www.waymotorworks.com/05-08-cooper-cabrio-s-r52/exterior/aerodynamics/index2.html,
http://www.waymotorworks.com/09-10-cabrio-r57/index25.html,
https://www.waymotorworks.com/performance/drivetrain/index7.html?sort=price,
https://www.waymotorworks.com/12-coupe-s-r58/handling/index5.html,
https://www.waymotorworks.com/05-08-cooper-cabrio-r52/handling/index5.html?printable=Y,
http://waymotorworks.com/coco-boot-mat-r55-clubman.html,
http://www.waymotorworks.com/12-coupe-s-r58/brakes/index3.html,
http://www.waymotorworks.com/radiator-support-r52-r53-cooper-s.html?js=n,
https://www.waymotorworks.com/02-06-cooper-r50/performance/drivetrain/electrical/index2.html,
https://www.waymotorworks.com/oil-pressure-control-solenoid-n18-r55-r56-r57-r58-r59-r60-r61-cooper-s.html,
https://www.waymotorworks.com/milltek-valvesonic-exhaust-for-f56-mini-cooper-s.html,
http://www.waymotorworks.com/05-08-cooper-cabrio-r52/maintenance/index9.html,
https://www.waymotorworks.com/front-smoke-arch-lights-r50-r52-r53.html,
http://www.waymotorworks.com/09-10-cabrio-r57/maintenance/index3.html?sort=price,
https://www.waymotorworks.com/mini-spare-tire-wheel.html,
https://www.waymotorworks.com/08-clubman-s-r55/exterior/lighting/index2.html,
https://www.waymotorworks.com/diecast-models/index2.html?js=n,
http://www.waymotorworks.com/product.php?productid=16259&cat=0&page=3,
http://www.waymotorworks.com/15-f55-cooper-s/exterior/accessories/index3.html,
http://www.waymotorworks.com/07-10-cooper-r56/index18.html?sort=title,
https://www.waymotorworks.com/turn-signal-stalk-r50-r52-r53.html,
http://www.waymotorworks.com/jcw-intake-r56-r55-r57.html,
http://www.waymotorworks.com/09-10-cabrio-r57/maintenance/index3.html?js=n,
https://www.waymotorworks.com/09-10-cabrio-r57/maintenance/index3.html?js=n,
https://www.waymotorworks.com/fuel-filter-assembly-r52-r53-cooper-s.html,
https://www.waymotorworks.com/11-countryman-r60/maintenance/fluids/index2.html,
http://www.waymotorworks.com/oil-pan-gasket-r55-r56-r57-r58-r59-r60-r61.html,
https://www.waymotorworks.com/fluid-crank-damper-pulley-r53.html,
https://www.waymotorworks.com/milltek-cat-back-exhaust-focus-st.html,
https://www.waymotorworks.com/akrapovic-bmw-m5-f10-titanium-exhaust-system.html,
https://www.waymotorworks.com/stainless-steel-brake-lines-r61-mini-paceman.html,
https://www.waymotorworks.com/07-10-cooper-r56/maintenance/all/index7.html,
https://www.waymotorworks.com/intake-manifold-gaskets-r50-cooper.html,
https://www.waymotorworks.com/n14-engine-valve-cover-bolt-set-r55-r56-r57-r58-r59-cooper-s.html,
https://www.waymotorworks.com/afe-power-mach-force-xp-catback-exhaust-r56-r57-r58-r59.html,
https://www.waymotorworks.com/airtec-front-mount-intercooler-for-r52-r53.html,
http://www.waymotorworks.com/product.php?productid=20048&cat=694&page=1,
http://www.waymotorworks.com/boost-pressure-sensor-cooper-s-r55-r56-r57-r58-r59-r60.html?printable=Y,
https://www.waymotorworks.com/12-coupe-s-r58/index17.html?sort_direction=1,
https://www.waymotorworks.com/test-pipe-cat-install.html?js=n,
https://www.waymotorworks.com/05-08-cooper-cabrio-s-r52/exterior/accessories/index3.html,
http://www.waymotorworks.com/honda-civic-type-r-ohlins-coilovers.html,
http://www.waymotorworks.com/12-coupe-s-r58/index8.html,
http://www.waymotorworks.com/05-08-cooper-cabrio-r52/index4.html,
https://www.waymotorworks.com/08-10-clubman-r55/performance/drivetrain/index3.html,
https://www.waymotorworks.com/exhaust-rocker-arm-r50-r52-r53.html,
https://www.waymotorworks.com/product.php?productid=18363&cat=0&page=7,
https://www.waymotorworks.com/05-08-cooper-cabrio-r52-maintenance-tools/?printable=Y,
https://www.waymotorworks.com/12-roadster-s-r59/exterior/accessories/index2.html,
http://www.waymotorworks.com/product.php?productid=20237&cat=736&page=1,
https://www.waymotorworks.com/handling/suspension/springs/index2.html?sort_direction=1,
https://www.waymotorworks.com/mini,
https://www.waymotorworks.com/speaker-upgrade-kit-r55-r56-r57-r58-r59.html,
https://www.waymotorworks.com/05-08-cooper-cabrio-r52/handling/suspension/index4.html,
https://www.waymotorworks.com/carbon-fiber-steering-wheel-overlays.html?printable=Y,
http://waymotorworks.com/home.php?cat=1373,
http://www.waymotorworks.com/wmw-engine-stage-2-package-r55-r56-r57-r58-r59-cooper-s.html,
https://www.waymotorworks.com/cooling-system/index2.html?js=n,
http://www.waymotorworks.com/tsw-rear-swaybar-19mm.html,
https://www.waymotorworks.com/08-10-clubman-r55/index9.html,
https://www.waymotorworks.com/focus-st-mishimoto-intercooler.html?js=n,
https://www.waymotorworks.com/cat-cams-469-camshaft-r52-r53.html,
http://www.waymotorworks.com/h-r-sport-springs-r58-r59.html,
https://www.waymotorworks.com/02-06-cooper-s-r53/maintenance/index10.html,
https://www.waymotorworks.com/R58-MINI-Coupe-S-Exterior/index3.html,
http://www.waymotorworks.com/tsw-rear-sway-bar-19mm.html,
http://www.waymotorworks.com/xenon-headlight-control-unit.html?printable=Y,
https://www.waymotorworks.com/h-r-adjustable-22mm-rear-sway-bar.html,
http://www.waymotorworks.com/akebono-r60-r61-countryman-paceman-s-brake-pads.html?js=n,
https://www.waymotorworks.com/12-roadster-s-r59/performance/drivetrain/engine-parts/index5.html,
https://waymotorworks.com/manufacturers/?manufacturerid=10&page=57,
https://www.waymotorworks.com/ebc-ultimax-brake-pads-f55-f56-f57-cooper-s.html?js=n,
http://www.waymotorworks.com/ecu-cover-r50-r52-r53.html?js=n,
https://www.waymotorworks.com/n14-exhaust-cam-sprocket-r55-r56-r57-r58-r59-cooper-s.html?js=n,
https://www.waymotorworks.com/gfb-diverter-valve-n14-engine.html?printable=Y,
https://www.waymotorworks.com/14-f56-cooper-s/index13.html,
https://www.waymotorworks.com/08-10-clubman-r55/exterior/index3.html?printable=Y,
http://www.waymotorworks.com/powerflex-complete-lower-engine-mount-assembly.html,
https://www.waymotorworks.com/02-06-cooper-s-r53/handling/suspension/links/,
https://www.waymotorworks.com/h-r-sport-springs-r58-r59.html,
https://www.waymotorworks.com/used-red-rear-hatch-r50-r53.html?js=n,
https://www.waymotorworks.com/05-08-cooper-cabrio-r52/index3.html,
http://www.waymotorworks.com/black-bmw-2002-diecast-1-76.html,
https://www.waymotorworks.com/black-bmw-2002-diecast-1-76.html,
https://www.waymotorworks.com/02-06-cooper-r50/index4.html,
https://waymotorworks.com/manufacturers/?manufacturerid=17&page=55,
https://waymotorworks.com/manufacturers/?manufacturerid=26&page=57,
https://www.waymotorworks.com/R60-MINI-Countryman-Maintenance/index2.html,
https://www.waymotorworks.com/koni-special-active-fsd-shocks-r50-r52-r53.html,
https://www.waymotorworks.com/performance/drivetrain/index6.html?sort=title,
https://www.waymotorworks.com/05-08-cooper-cabrio-s-r52-maintenance-tools/index2.html?sort=title,
https://www.waymotorworks.com/05-08-cooper-cabrio-s-r52-maintenance-tools/index2.html?sort=price,
http://www.waymotorworks.com/used-p-s-tank-and-expansion-tank-bracket-r50-r52-r53.html?js=n,
https://www.waymotorworks.com/grille-badge-holder-oem.html?js=n,
https://www.waymotorworks.com/used-cvt-trans-module-r50-r52.html?js=n,
http://www.waymotorworks.com/os-giken-gt-clutch-r60-countryman-s.html?js=n,
https://www.waymotorworks.com/used-steering-angle-sensor-r50-r52-r53.html?js=n,
https://www.waymotorworks.com/forge-fiat-abarth-recirculation-valve.html?printable=Y,
https://www.waymotorworks.com/ireland-engineering-adjustable-camber-plates-r50-r53.html?printable=Y,
http://www.waymotorworks.com/09-10-cabrio-r57/maintenance/index3.html?sort_direction=1,
https://www.waymotorworks.com/oil-cooler-hoses-cooper-s-r52-r53.html,
https://www.waymotorworks.com/crank-pulley-removal-tool-r52-r53.html,
https://waymotorworks.com/manufacturers/?page=14,
https://www.waymotorworks.com/performance/index10.html,
https://www.waymotorworks.com/aluminum-rear-trailing-arm-conversion-kit.html,
https://www.waymotorworks.com/mini-countryman-oem-tow-hook-r60-r61.html?js=n,
https://www.waymotorworks.com/stainless-steel-brake-lines-f55-f56-f57.html?js=n,
https://www.waymotorworks.com/h-sport-rear-adjustable-sway-bar-19mm.html,
https://www.waymotorworks.com/transmission-mount-r52-r53-cooper-s.html,
https://www.waymotorworks.com/hawk-hps-r60-r61-countryman-paceman-s-brake-pads.html?printable=Y,
https://www.waymotorworks.com/front-bumper-cover-screw-set-r52-r53.html,
https://www.waymotorworks.com/clubman-final-edition-short-sleeve-t-shirt.html?js=n,
https://www.waymotorworks.com/bosch-n18-high-pressure-mechanical-fuel-pump.html?js=n,
http://www.waymotorworks.com/magnetic-supercharger-drain-plug-02-06-mini-cooper-and-cooper-s.html,
https://www.waymotorworks.com/gloss-black-notch-scoop-f54-f55-f56-f57.html?js=n,
http://www.waymotorworks.com/13-paceman-s-r61/interior/index2.html,
https://www.waymotorworks.com/gloss-black-notch-scoop-f54-f55-f56-f57.html?printable=Y,
https://www.waymotorworks.com/center-armrest-f55-f56.html,
https://www.waymotorworks.com/07-cooper-r56/index5.html?sort=title,
https://www.waymotorworks.com/02-06-cooper-r50/index22.html?js=n,
https://www.waymotorworks.com/09-cooper-cabrio-s-r57/brakes/sensors-lines-fluid-more/index2.html,
http://www.waymotorworks.com/05-08-cooper-cabrio-s-r52/index28.html?sort=price,
https://www.waymotorworks.com/samco-intake-hose-r55-r56-r57.html,
http://www.waymotorworks.com/silver-turn-signal-bulbs-r60-r61.html,
http://www.waymotorworks.com/stoptech-drilled-and-slotted-brake-rotors-r55-r56-r57-r58-r59-cooper-s.html,
https://www.waymotorworks.com/aft-lower-steering-column-shaft-r50-r52-r53.html?printable=Y,
https://www.waymotorworks.com/neuf-abarth-performance-exhaust.html,
http://www.waymotorworks.com/afe-magnum-force-intake-n18-engine.html,
https://www.waymotorworks.com/lower-radiator-hose-for-r50-r52-cooper-non-s.html,
http://www.waymotorworks.com/09-cooper-cabrio-r57/exterior/index2.html?printable=Y,
https://www.waymotorworks.com/kw-variant-3-coilovers-f60-countryman.html,
https://www.waymotorworks.com/john-cooper-works-r53-engine.html,
http://www.waymotorworks.com/12-coupe-s-r58/handling/index2.html?sort=title,
https://www.waymotorworks.com/specials-and-used-parts/index6.html,
https://www.waymotorworks.com/05-08-cooper-cabrio-r52/performance/drivetrain/electrical/index2.html,
https://www.waymotorworks.com/mini-oem-tow-hook.html,
http://www.waymotorworks.com/m7-carbon-fiber-shift-,
http://www.waymotorworks.com/bilstein-pss10-coilovers-f56.html,
http://www.waymotorworks.com/used-parts/index5.html,
http://www.waymotorworks.com/radiator-fan-r55-r56-r57-r58-r59-r60-r61.html,
https://www.waymotorworks.com/R60-Countryman-S-exterior/index4.html,
https://www.waymotorworks.com/xenon-washer-cover.html?printable=Y,
https://waymotorworks.com/manufacturers/?page=112,
https://www.waymotorworks.com/pass-cv-axle-carrier-bearing-r52-r53-cooper-s.html,
http://www.waymotorworks.com/samco-intake-hose-r55-r56-r57.html,
https://www.waymotorworks.com/aft-water-pump-pulley-r55-r56-r57-r58-r59-r60-r61.html,
https://www.waymotorworks.com/mini-cooper-s-hood-heat-insulation-clips-r55-r56-r57.html?printable=Y,
http://www.waymotorworks.com/05-08-cooper-cabrio-s-r52/performance/index8.html?sort_direction=1,
http://www.waymotorworks.com/milltek-valvesonic-exhaust-for-f56-mini-cooper-s.html,
https://www.waymotorworks.com/accessories/index5.html?js=n,
http://www.waymotorworks.com/used-exhaust-cam-n14-engine.html,
https://waymotorworks.com/manufacturers/?page=117,
http://www.waymotorworks.com/12-roadster-r59/maintenance/all/index3.html?js=n,
http://www.waymotorworks.com/used-a-c-hose-from-compressor-to-evaporator-r50-r52-r53.html,
http://www.waymotorworks.com/n12-n16-cam-sprocket-bolts-r55-r56-r57-r58-r59-r60-r61-cooper-non-s.html,
http://www.waymotorworks.com/h-r-sport-springs-fiat-124-spider.html,
http://www.waymotorworks.com/zimmerman-brake-rotors-f54-f55-f56-f57-cooper-non-s.html,
https://www.waymotorworks.com/used-parts/index9.html,
https://www.waymotorworks.com/turbocharger-oil-line-banjo-bolts-r55-r56-r57-r58-r59-r60-r61.html,
https://www.waymotorworks.com/john-cooper-works-n14-complete-engine.html,
https://www.waymotorworks.com/used-parts/index4.html,
https://www.waymotorworks.com/12-coupe-s-r58/handling/suspension/braces-bushings-plates/index2.html,
http://www.waymotorworks.com/wmw-supercharger-pulley-bolts.html,
http://www.waymotorworks.com/12-coupe-r58-exterior-wheel-stuff/index2.html?sort=price,
http://www.waymotorworks.com/maintenance/index17.html,
https://www.waymotorworks.com/maintenance/index6.html?sort_direction=1,
https://www.waymotorworks.com/specials-and-used-parts/index12.html,
https://www.waymotorworks.com/used-fuel-filter-assembly-r52-r53-cooper-s.html,
https://www.waymotorworks.com/11-countryman-s-r60/maintenance/index4.html,
https://www.waymotorworks.com/09-cooper-cabrio-r57/index8.html?js=n,
http://www.waymotorworks.com/h-r-adjustable-22mm-rear-sway-bar.html,
http://www.waymotorworks.com/08-10-clubman-r55/index25.html,
https://www.waymotorworks.com/supercharger-inlet-tube-r52-r53.html,
http://www.waymotorworks.com/12-roadster-s-r59/handling/index4.html,
http://www.waymotorworks.com/camshaft-vanos-adjustment-solenoid-n14-n18-engine.html?printable=Y&&cat=0,
https://www.waymotorworks.com/performance/drivetrain/index7.html?js=n,
http://www.waymotorworks.com/used-rear-seat-belt-buckle-assembly-r55-r56-r57.html?js=n,
https://www.waymotorworks.com/12-roadster-s-r59/performance/drivetrain/clutch-transmission/index2.html,
https://www.waymotorworks.com/180-degree-thermostat-r50-r52-r53.html,
https://www.waymotorworks.com/used-stock-camshaft-r50-r52-r53.html,
https://www.waymotorworks.com/kw-variant-2-coilovers-r61-paceman.html,
https://www.waymotorworks.com/used-exhaust-cam-n14-engine.html,
http://www.waymotorworks.com/09-cooper-cabrio-s-r57/performance/drivetrain/engine-parts/,
http://www.waymotorworks.com/02-06-cooper-r50/index19.html,
http://www.waymotorworks.com/brake-caliper-seals-r55-r56-r57-r58-r59.html?printable=Y,
http://www.waymotorworks.com/mishimoto-intake-for-f56-mini.html,
http://www.waymotorworks.com/brake-caliper-seals-r55-r56-r57-r58-r59.html?js=n,
https://www.waymotorworks.com/02-06-cooper-r50/index22.html?sort_direction=1,
http://www.waymotorworks.com/starter-alignment-dowel-pin-r55-r56-r57-r58-r59-r60.html,
https://www.waymotorworks.com/zimmerman-john-cooper-works-drilled-brake-rotors-r53-r52.html,
https://www.waymotorworks.com/mishimoto-intake-for-f56-mini.html,
https://www.waymotorworks.com/wmw/index3.html,
https://www.waymotorworks.com/muteki-lug-nuts.html,
http://www.waymotorworks.com/focus-st-os-giken-limited-slip-differential.html,
https://www.waymotorworks.com/used-pass-front-brake-line-r55-r56-r57.html,
https://www.waymotorworks.com/fuel-filter-oem-r55-r56-r57-r58-r59.html,
http://www.waymotorworks.com/exterior/aerodynamics/index2.html?printable=Y,
https://www.waymotorworks.com/used-front-upper-spring-perches-r50-r52-r53.html,
https://www.waymotorworks.com/aftermarket-turbo-oil-return-line-r55-r56-r57-r58-r59-r60-r61.html,
https://www.waymotorworks.com/bilstein-pss10-coilovers-f56.html,
https://www.waymotorworks.com/07-cooper-r56/performance/drivetrain/index2.html,
http://www.waymotorworks.com/led-turn-signals-r55-r56-r57-r58-r59.html,
http://www.waymotorworks.com/air-lift-front-suspension-kit-r55-r56-r57-r58-r59.html,
https://www.waymotorworks.com/supercharger-outlet-gasket.html?printable=Y,
http://www.waymotorworks.com/front-brake-caliper-seals-r50-r52-r53.html?js=n,
https://www.waymotorworks.com/12-roadster-s-r59/index2.html,
https://www.waymotorworks.com/forge-motorsport/index2.html,
https://www.waymotorworks.com/oem-mini-dipstick-r55-r56-r57-r58-r59-r60.html,
http://www.waymotorworks.com/02-06-cooper-r50/index5.html,
https://www.waymotorworks.com/12-coupe-r58/index7.html?sort=price,
https://www.waymotorworks.com/tire-pressure-sensors-r55-r56-r57-r58-r59-r60-r61.html,
https://www.waymotorworks.com/product.php?productid=20235&cat=345&page=1,
https://www.waymotorworks.com/maintenance/all/index11.html,
http://www.waymotorworks.com/interior/index8.html,
https://www.waymotorworks.com/value-short-shifter-r50-r52-r53.html?printable=Y,
https://www.waymotorworks.com/wmw/index7.html?sort_direction=1,
https://www.waymotorworks.com/09-10-cabrio-r57/maintenance/brakes/,
https://www.waymotorworks.com/r59-chrome-letter-badge.html,
https://www.waymotorworks.com/abs-module.html?printable=Y,
https://www.waymotorworks.com/hot-wheels-mini-countryman.html,
https://www.waymotorworks.com/powerflex-front-control-arm-bushing-support-kit.html?js=n,
http://www.waymotorworks.com/17-f60-countryman-s/index4.html,
https://www.waymotorworks.com/07-cooper-r56/index5.html?printable=Y,
http://www.waymotorworks.com/front-smoke-arch-lights-r50-r52-r53.html,
https://waymotorworks.com/front-smoke-arch-lights-r50-r52-r53.html,
http://www.waymotorworks.com/black-a-pillar-cover-r55-r56-r57.html,
https://waymotorworks.com/black-a-pillar-cover-r55-r56-r57.html,
http://waymotorworks.com/afe-power-mach-force-xp-catback-exhaust-r56-r57-r58-r59.html,
http://waymotorworks.com/kw-variant-2-coilovers-r61-paceman.html,
https://www.waymotorworks.com/n18-complete-new-engine-r55-r56-r57-r58-r59-r60-cooper-s.html,
http://waymotorworks.com/a-c-expansion-valve-r50-r52-r53.html,
https://waymotorworks.com/afe-power-mach-force-xp-catback-exhaust-r56-r57-r58-r59.html,
http://www.waymotorworks.com/a-c-expansion-valve-r50-r52-r53.html,
https://www.waymotorworks.com/a-c-expansion-valve-r50-r52-r53.html,
https://www.waymotorworks.com/black-a-pillar-cover-r55-r56-r57.html,
https://www.waymotorworks.com/valve-cover-gasket-r55-r56-r57-r58-r59-n18-engine.html?printable=Y,
https://www.waymotorworks.com/08-clubman-r55/interior/index3.html,
http://www.waymotorworks.com/home.php,
https://www.waymotorworks.com/nm-engineering-torque-arm-insert-r60-fwd.html,
https://www.waymotorworks.com/headlight-mounting-screws-f54-f55-f56-f57.html?js=n,
http://waymotorworks.com/cooper-s-intake-manifold-gasket-r52-r53.html?js=n,
https://www.waymotorworks.com/wmw-20mm-wheel-spacers.html,
http://www.waymotorworks.com/original-mini-clutch-kit-f55-f56-f57.html?js=n,
http://www.waymotorworks.com/12-coupe-r58/handling/suspension/braces-bushings-plates/index2.html?js=n,
http://www.waymotorworks.com/black-a-pillar-cover-r50-r52-r53.html?js=n,
http://www.waymotorworks.com/12-coupe-s-r58/performance/drivetrain/index6.html?printable=Y,
http://www.waymotorworks.com/08-10-clubman-r55/index7.html,
https://www.waymotorworks.com/spyder-tail-light-set-r50-r53.html?js=n,
https://www.waymotorworks.com/chassis-bones-body-braces-f57-cabrio.html?printable=Y,
https://www.waymotorworks.com/powerflex-front-swaybar-bushings.html?js=n,
http://www.waymotorworks.com/14-f56-cooper-s/index10.html,
https://www.waymotorworks.com/cooling-system/index2.html?printable=Y,
http://www.waymotorworks.com/john-cooper-works-shift-knob.html,
https://waymotorworks.com/supercharger-outlet-gasket.html,
https://www.waymotorworks.com/akrapovic-downpipe-r55-r56-r57-r58.html,
https://www.waymotorworks.com/eibach-multi-pro-r2-coilovers-r55-56-57-58-59.html,
https://www.waymotorworks.com/08-10-clubman-r55/interior/index3.html?printable=Y,
http://www.waymotorworks.com/hella-horn-kit-110db.html,
https://www.waymotorworks.com/hella-horn-kit-110db.html,
http://waymotorworks.com/automatic-shift-lever-r52-r53-cooper-s.html,
http://www.waymotorworks.com/supercharger-outlet-gasket.html,
http://www.waymotorworks.com/08-10-clubman-r55/index27.html,
https://www.waymotorworks.com/02-06-cooper-s-r53/performance/drivetrain/cooling-system/index2.html,
https://www.waymotorworks.com/used-r53-05-06-center-console.html?js=n,
http://www.waymotorworks.com/12-coupe-s-r58/performance/drivetrain/index6.html,
https://www.waymotorworks.com/cylinder-head-rebuild-r50-r52-r53.html,
http://www.waymotorworks.com/automatic-shift-lever-r52-r53-cooper-s.html,
http://waymotorworks.com/oxygen-sensor-r50-r52-r53.html?js=n,
https://www.waymotorworks.com/12-coupe-s-r58/index17.html,
https://www.waymotorworks.com/used-parts/index8.html,
https://www.waymotorworks.com/cooling-system/index2.html?sort_direction=1,
https://www.waymotorworks.com/spyder-headlight-set-r50-r52-r53.html,
https://www.waymotorworks.com/john-cooper-works-spoiler-extensions-f55-f56.html,
https://www.waymotorworks.com/used-brake-booster-line.html,
http://www.waymotorworks.com/product.php?productid=20185&cat=441&page=1,
http://www.waymotorworks.com/black-out-turn-signals-r55-r56-r57-r58-r59.html,
https://waymotorworks.com/black-out-turn-signals-r55-r56-r57-r58-r59.html,
https://www.waymotorworks.com/black-out-turn-signals-r55-r56-r57-r58-r59.html,
https://www.waymotorworks.com/08-clubman-r55/performance/drivetrain/index5.html?sort_direction=1,
https://www.waymotorworks.com/mini-oem/index18.html?js=n,
https://www.waymotorworks.com/oem-engine-mount-02-04-r50-r53.html,
https://www.waymotorworks.com/07-cooper-r56/index2.html,
http://www.waymotorworks.com/accessories/index7.html?printable=Y,
https://www.waymotorworks.com/R60-MINI-countryman-S-Interior/index2.html,
https://www.waymotorworks.com/cooling-system/index2.html?sort=price,
https://www.waymotorworks.com/mishimoto-coolant-hoses-2012-fiat-abarth.html,
https://www.waymotorworks.com/r60-2wd-megan-racing-exhaust.html,
https://www.waymotorworks.com/italian-job-blue-classic-mini-diecast-1-64.html?js=n,
https://www.waymotorworks.com/shifter-box-r50-r52-r53.html?printable=Y,
https://www.waymotorworks.com/12-coupe-r58/index9.html?sort_direction=1,
https://www.waymotorworks.com/early-tsw-motor-mount-02-04-r50-r53.html,
https://www.waymotorworks.com/02-06-cooper-r50/maintenance/all/index3.html,
http://www.waymotorworks.com/silver-turn-signal-bulbs-r60-r61.html?js=n,
https://www.waymotorworks.com/h-sport-rear-camber-links.html,
https://www.waymotorworks.com/coolant-temperature-sensor-r55-r56-r57.html,
http://www.waymotorworks.com/stainless-steel-brake-lines-r61-mini-paceman.html,
https://www.waymotorworks.com/clutch-fork-r50-r52-5speed-getrag.html?js=n,
https://www.waymotorworks.com/08-10-clubman-r55/exterior/index3.html?sort=price,
https://www.waymotorworks.com/mini-oem/index21.html?sort=title,
https://www.waymotorworks.com/mini-oem/index21.html?sort=price,
https://www.waymotorworks.com/ebc-ultimax-r56-r55-r57-r58-r59-cooper-s-brake-pads.html,
http://www.waymotorworks.com/02-06-cooper-s-r53/maintenance/all/index14.html,
http://www.waymotorworks.com/gordon-e30-m3-brake-set.html,
https://www.waymotorworks.com/nm-engineering-front-sway-bar-endlinks-f55-f56-f57.html,
https://www.waymotorworks.com/02-06-cooper-s-r53/handling/suspension/springs/,
https://www.waymotorworks.com/02-06-cooper-s-r53/index17.html?sort=title,
https://www.waymotorworks.com/inner-milltek-exh-hangers.html?js=n,
https://www.waymotorworks.com/kw-suspension/index2.html,
http://www.waymotorworks.com/r55-chrome-letter-badge.html?printable=Y,
https://www.waymotorworks.com/torque-solution-lower-engine-mount-r56.html,
https://www.waymotorworks.com/05-08-cooper-cabrio-r52/handling/suspension/index6.html?printable=Y,
https://www.waymotorworks.com/wmw/index8.html?js=n,
http://www.waymotorworks.com/mishimoto-coolant-hoses-2012-fiat-abarth.html,
https://www.waymotorworks.com/flywheel-bolts-r50-r52-cooper-non-s.html,
https://www.waymotorworks.com/main-bolt-plug-covers-r55-r56-r57-r58-r59-r60-r61.html,
https://www.waymotorworks.com/05-08-cooper-cabrio-r52/interior/equipment/index2.html?sort=title,
https://www.waymotorworks.com/08-10-clubman-r55/interior/index3.html?sort=price,
https://www.waymotorworks.com/e36-powerflex-front-control-arm-bushings.html,
http://www.waymotorworks.com/oil-filter-housing-to-block-seals-r55-r56-r57-r58-r59-r60-r61.html,
https://www.waymotorworks.com/07-cooper-r56/index5.html?sort_direction=1,
http://waymotorworks.com/m7-strut-tower-brace-r55-r56-r57.html,
https://www.waymotorworks.com/08-10-clubman-r55/maintenance/index5.html?sort_direction=1,
http://www.waymotorworks.com/neuf-fiat-front-anti-roll-sway-bar.html,
https://www.waymotorworks.com/neuf-fiat-front-anti-roll-sway-bar.html,
http://www.waymotorworks.com/m7-strut-tower-brace-r55-r56-r57.html,
https://waymotorworks.com/m7-strut-tower-brace-r55-r56-r57.html,
https://www.waymotorworks.com/crankshaft-harmonic-balancer-pulley-f54-f55-f56-f57-f60-non-s.html?js=n,
https://www.waymotorworks.com/ebc-slotted-brake-rotors-r50-r52-r53.html,
https://www.waymotorworks.com/ebc-ultimax-brake-pads-f55-f56-f57-cooper-s.html,
https://www.waymotorworks.com/08-clubman-r55/interior/index2.html?sort=title,
http://waymotorworks.com/12-coupe-s-r58/handling/suspension/braces-bushings-plates/,
https://www.waymotorworks.com/07-10-cooper-r56/maintenance/all/index5.html?js=n,
https://www.waymotorworks.com/wilwood-big-brake-kit-countryman-paceman.html,
http://waymotorworks.com/porsche-g-loc-pads.html,
https://www.waymotorworks.com/07-cooper-s-r56/performance/turbocharger/index2.html?printable=Y,
http://www.waymotorworks.com/forge-alloy-intercooler-for-135i-335i-bmw.html,
http://www.waymotorworks.com/porsche-g-loc-pads.html,
https://www.waymotorworks.com/rear-trunk-lid-hatch-grip-button-r50-r52-r53.html,
http://www.waymotorworks.com/12-coupe-s-r58/handling/suspension/braces-bushings-plates/,
http://www.waymotorworks.com/wmw-rear-jcw-brake-rotors-r55-r56-r57-r58-r59.html?js=n,
https://www.waymotorworks.com/original-mini-jcw-countryman-s-r60-brake-rotors.html,
http://www.waymotorworks.com/brake-rotor-retaining-bolt-gen-3-f.html,
https://www.waymotorworks.com/09-10-cabrio-r57/index22.html,
http://www.waymotorworks.com/09-cooper-cabrio-r57/interior/index3.html?sort_direction=1,
https://www.waymotorworks.com/07-10-cooper-r56/exterior/index5.html,
https://www.waymotorworks.com/07-cooper-r56/exterior/index2.html,
https://www.waymotorworks.com/fluids/index2.html,
https://www.waymotorworks.com/used-stock-supercharger-pulley-r52-r53.html?printable=Y,
https://www.waymotorworks.com/used-relay-for-mini.html,
https://www.waymotorworks.com/timing-chain-replacement-kit-r55-r56-r57-r58-r59-r60-cooper-s.html,
https://www.waymotorworks.com/wmw-pulley-package.html,
https://www.waymotorworks.com/front-strut-shaft-boot-r55-r56-r57-r58-r59.html?js=n,
https://www.waymotorworks.com/08-10-clubman-r55/maintenance/index5.html?sort=title,
https://www.waymotorworks.com/performance-ecu-tune-r55-r56-r57-r58-r59-cooper-s.html,
https://www.waymotorworks.com/carrillo-connecting-rods-r55-r56-r57-r58-r59-r60-r61.html,
https://www.waymotorworks.com/textar-dot-brake-fluid.html,
https://www.waymotorworks.com/gp2-textar-brake-pads.html?printable=Y,
http://www.waymotorworks.com/automatic-shifter-box-spring-fix-f54-f55-f56-f57.html,
https://www.waymotorworks.com/07-10-cooper-r56/maintenance/index4.html?sort=price,
https://www.waymotorworks.com/leak-detection-pump-r50-r52-r53.html?printable=Y,
https://www.waymotorworks.com/grill-mounting-nuts-r50-r52-r53.html,
https://www.waymotorworks.com/driving-light-mounting-bracket-kit-r50-r52-r53.html?js=n,
https://www.waymotorworks.com/12-coupe-r58/index7.html?sort=title,
https://www.waymotorworks.com/bmw-powerflex-shifter-arm-rear-bushing-e36-e46-e90.html?printable=Y,
https://www.waymotorworks.com/08-clubman-r55/interior/index2.html?printable=Y,
https://www.waymotorworks.com/bump-stops.html,
http://www.waymotorworks.com/redline-d4-atf.html,
http://www.waymotorworks.com/r55-clubman-rear-cargo-cover.html,
https://www.waymotorworks.com/08-clubman-r55/interior/index2.html?sort_direction=1,
http://www.waymotorworks.com/product.php?productid=19647&cat=842&page=1,
https://waymotorworks.com/mini-cooper-s-exhaust-valve-r55-r56-r57-r58-r59.html?js=n,
https://www.waymotorworks.com/focus-st-bilstein-b14-coilovers.html,
https://www.waymotorworks.com/15-f55-cooper/suspension/index3.html,
https://www.waymotorworks.com/focus-rs-gas-pedal-spacer.html,
https://www.waymotorworks.com/rear-fog-light-r56-r57-cooper-non-s.html?js=n,
https://www.waymotorworks.com/clock-r50-r53.html?printable=Y,
https://waymotorworks.com/manufacturers/?page=145,
https://www.waymotorworks.com/wilwood-6-piston-big-brake-kit-f54-f55-f56-f57.html,
https://www.waymotorworks.com/a-c-compressor-line-orings-r50-r52-r53.html?js=n,
https://www.waymotorworks.com/transmission-shift-cable-mount-r52-r53-cooper-s.html?printable=Y,
https://www.waymotorworks.com/08-clubman-r55/interior/index2.html?js=n,
https://www.waymotorworks.com/08-10-clubman-r55/maintenance/index5.html?js=n,
https://www.waymotorworks.com/fiat/index3.html,
http://www.waymotorworks.com/nm-exhaust-for-f54-mini-clubman-s.html,
https://www.waymotorworks.com/15-f55-cooper-s/index6.html,
http://www.waymotorworks.com/motul-5.1-synthetic-brake-fluid.html,
https://www.waymotorworks.com/mini-diverter-valve-r55-r56-r57-r58-r59-r60-r61.html,
https://waymotorworks.com/brake-pad-sensor.html,
https://www.waymotorworks.com/silver-turn-signal-bulbs-r60-r61.html?printable=Y,
http://waymotorworks.com/07-cooper-s-r56-maintenance-tools/,
https://www.waymotorworks.com/performance/drivetrain/index14.html?js=n,
https://www.waymotorworks.com/08-10-clubman-r55/maintenance/index5.html?sort=price,
https://waymotorworks.com/07-cooper-s-r56-maintenance-tools/,
http://www.waymotorworks.com/07-cooper-s-r56-maintenance-tools/,
http://www.waymotorworks.com/power-steering-pressure-hose-oring-r50-r52-r53.html,
http://www.waymotorworks.com/bmw-z3-hood-side-roundel.html,
https://www.waymotorworks.com/bilstein-hd-shocks-r56-r55-r57.html,
https://www.waymotorworks.com/front-strut-shaft-boot-r50-r52-r53.html,
https://www.waymotorworks.com/rear-smoke-arch-lights-r50-r52-r53.html,
http://www.waymotorworks.com/brake-pad-sensor.html,
https://www.waymotorworks.com/wmw-performance-cooper-s-engine.html,
http://www.waymotorworks.com/12-roadster-s-r59/handling/index3.html,
https://www.waymotorworks.com/jcw-turbo-inlet-hose-r55-r56-r57.html?printable=Y,
http://www.waymotorworks.com/product.php?productid=20185&cat=1169&page=1,
https://www.waymotorworks.com/fidanza-lightweight-aluminum-flywheel-r50-r52-cooper.html?js=n,
http://www.waymotorworks.com/07-10-cooper-r56/performance/index6.html,
http://waymotorworks.com/mahle-oil-filter-f54-f55-f56-f57.html,
https://www.waymotorworks.com/f56-black-hood-badge-emblem.html,
https://www.waymotorworks.com/hotchkis-81001-kit.html,
https://www.waymotorworks.com/maintenance/all/index10.html?sort=price,
https://www.waymotorworks.com/08-clubman-r55/index15.html,
https://www.waymotorworks.com/07-10-cooper-r56/index2.html,
http://www.waymotorworks.com/g-loc-brake-pads-f55-f56-f57-cooper-s.html?printable=Y,
https://waymotorworks.com/mahle-oil-filter-f54-f55-f56-f57.html,
https://www.waymotorworks.com/powerflex-complete-engine-bushing-set.html?printable=Y,
https://www.waymotorworks.com/07-10-cooper-r56/maintenance/index4.html?sort=title,
https://www.waymotorworks.com/borla-exhaust-r50-cooper-non-s.html,
https://www.waymotorworks.com/antenna-base-r55-r56.html?js=n,
https://www.waymotorworks.com/nm-engineering-carbon-fiber-induction-kit.html,
https://www.waymotorworks.com/supercharger-oil-r52-r53.html?printable=Y,
https://www.waymotorworks.com/akebono-brake-pads-r60-countryman-non-s.html?js=n,
http://waymotorworks.com/38mm-oil-filter-socket.html,
https://www.waymotorworks.com/datsun-240z-diecast-1-43.html?printable=Y,
https://www.waymotorworks.com/sway-bar-end-links-r55-r56-r57-r58-r59.html,
https://www.waymotorworks.com/mini-cooper-playing-cards.html,
https://www.waymotorworks.com/coolant-temp-gauge-adapter-r55-r56-r57-r58-r59-r60-r61.html,
https://www.waymotorworks.com/dry-flow-drop-in-filter-r55-r56-r57-r58-r59-r60-r61-cooper-non-s.html,
https://www.waymotorworks.com/fuel-pump-r52-r53-cooper-s.html?printable=Y,
http://www.waymotorworks.com/mahle-oil-filter-f54-f55-f56-f57.html,
https://www.waymotorworks.com/dinan-f55-f56-cooper-s-b48-tuning-module.html,
https://www.waymotorworks.com/R60countryman-exterior/index2.html?js=n,
http://waymotorworks.com/black-gas-cap-cover-r55-r56.html,
http://www.waymotorworks.com/38mm-oil-filter-socket.html,
https://waymotorworks.com/38mm-oil-filter-socket.html,
https://www.waymotorworks.com/wmw-catless-downpipe-r55-r56-r57-r58-r59-r60.html,
https://www.waymotorworks.com/spark-plug-tubes-r50-r52-r53.html?js=n,
http://www.waymotorworks.com/wmw-logo-tan-hat.html?printable=Y,
http://waymotorworks.com/bilstein-hd-shocks-r56-r55-r57.html,
https://www.waymotorworks.com/akebono-brake-pads-f55-f56-f57-cooper-s.html?js=n,
https://www.waymotorworks.com/arp-head-bolt-set-r50-r52-r53.html,
https://www.waymotorworks.com/rear-tow-hook-cover-front-f56-f57-mini-cooper-s.html?printable=Y,
http://www.waymotorworks.com/bilstein-hd-shocks-r56-r55-r57.html,
https://waymotorworks.com/bilstein-hd-shocks-r56-r55-r57.html,
https://waymotorworks.com/black-gas-cap-cover-r55-r56.html,
https://www.waymotorworks.com/black-gas-cap-cover-r55-r56.html,
https://www.waymotorworks.com/stock-cooper-s-turbocharger-r55-r56-r57-r58-r59-r60.html,
https://www.waymotorworks.com/wiseco-piston-and-rings-set-n14-engine.html?printable=Y,
https://www.waymotorworks.com/used-mini-cooper-parts-r50-r52-r53.html,
https://www.waymotorworks.com/h-r-sport-springs-tesla-model-s.html?js=n,
https://www.waymotorworks.com/4-way-coolant-connector-r50-r52-cooper-non-s.html?printable=Y,
https://www.waymotorworks.com/front-strut-lower-bolt-r60-r61.html?js=n,
https://www.waymotorworks.com/gp-hood-scoop-vinyl-sticker.html?js=n,
https://www.waymotorworks.com/wmw-stainless-steel-brake-lines-r50-r52-r53-with-wilwood-calipers.html?printable=Y,
https://www.waymotorworks.com/h-r-sport-springs-tesla-model-s.html?printable=Y,
http://www.waymotorworks.com/wmw-logo-tan-hat.html?js=n,
https://www.waymotorworks.com/original-mini-clutch-slave-cylinder-f54-f55-f56-f57.html?js=n,
https://www.waymotorworks.com/neuf-abarth-performance-exhaust.html?js=n,
https://www.waymotorworks.com/magnaflow-focus-st-cat-back-exhaust.html?printable=Y,
https://www.waymotorworks.com/mishimoto-magnetic-oil-drain-plug-r55-r56-r57-r58-r59-r60.html,
https://www.waymotorworks.com/used-piston-r52-r53-cooper-s.html?js=n,
https://www.waymotorworks.com/rear-view-mirror.html?printable=Y,
https://www.waymotorworks.com/wmw-terms.html,
https://www.waymotorworks.com/original-mini-clutch-slave-cylinder-f54-f55-f56-f57.html?printable=Y,
https://www.waymotorworks.com/07-cooper-s-r56/exterior/accessories/index2.html?printable=Y,
https://www.waymotorworks.com/nm-engineering-torque-arm-insert-r60-all-4.html?printable=Y,
https://www.waymotorworks.com/used-rear-wheel-well-liner-r50-r52-r53.html?printable=Y,
https://www.waymotorworks.com/rear-barn-door-strut-clubman-r55.html,
https://www.waymotorworks.com/purge-tank-vent-valve-r50-r52-r53.html?js=n,
https://www.waymotorworks.com/14-f56-cooper-s/exterior/index4.html,
https://www.waymotorworks.com/17-f60-countryman-exterior/index2.html,
http://www.waymotorworks.com/home.php?cat=1370,
http://www.waymotorworks.com/cravenspeed-short-shifter-r58-coupe.html?printable=Y,
https://www.waymotorworks.com/f54-f55-f56-f57-cooper-s-b48-afe-scorcher-module.html?js=n,
https://www.waymotorworks.com/ebc-greenstuff-r55-r56-r57-brake-pads-cooper-non-s.html?js=n,
https://www.waymotorworks.com/cravenspeed-fiat-500-short-shifter.html?js=n,
https://www.waymotorworks.com/02-06-cooper-r50/performance/drivetrain/electrical/index2.html?sort=price,
https://www.waymotorworks.com/ohlins-coilovers-f55-f56-f57.html,
https://www.waymotorworks.com/carbotech-wilwood-front-brake-pads.html,
http://www.waymotorworks.com/knock-sensor-cooper-s-n14.html,
http://www.waymotorworks.com/throttle-body-cooper-non-s-r55-r56-r57-r58-r59-r60-r61.html?printable=Y,
https://www.waymotorworks.com/original-mini-clutch-kit-f55-f56-f57.html?printable=Y,
http://www.waymotorworks.com/used-rear-sway-bar-endlink-r50-r52-r53.html,
http://www.waymotorworks.com/h7-light-bulb.html,
https://www.waymotorworks.com/02-06-cooper-s-r53/handling/index7.html,
https://www.waymotorworks.com/belt-tool-f55-f56-f57-f60.html?js=n,
https://www.waymotorworks.com/08-clubman-s-r55-exterior-wheel-stuff/index2.html?js=n,
https://www.waymotorworks.com/08-clubman-s-r55-exterior-wheel-stuff/index2.html?sort=title,
http://www.waymotorworks.com/12-roadster-r59/exterior/aerodynamics/index3.html,
http://www.waymotorworks.com/2006-gp1-37k-miles.html,
http://waymotorworks.com/h7-light-bulb.html,
http://www.waymotorworks.com/05-08-cooper-cabrio-r52/performance/drivetrain/index3.html,
https://www.waymotorworks.com/02-06-cooper-s-r53/performance/drivetrain/cooling-system/index2.html?js=n,
https://www.waymotorworks.com/rear-mud-flaps-countryman-paceman.html,
http://www.waymotorworks.com/wmw-ebc-red-brake-package-r50-r53-r52.html,
http://www.waymotorworks.com/maintenance/index12.html,
https://www.waymotorworks.com/ultimate-supercharger-oil-change-kit-r52-r53.html?printable=Y,
https://www.waymotorworks.com/carbon-fiber-steering-wheel-trim-f54-f55-f56-f57.html,
https://www.waymotorworks.com/window-regulator-r55-r56-r57.html,
https://www.waymotorworks.com/09-10-cabrio-r57/handling/suspension/index2.html,
https://www.waymotorworks.com/08-clubman-r55/index16.html?sort_direction=1,
http://www.waymotorworks.com/07-10-cooper-r56/handling/suspension/index3.html?sort_direction=1,
https://www.waymotorworks.com/wmw-complete-turbo-hose-kit-r55-r56-r57-r58-r59.html?&cat=0,
https://www.waymotorworks.com/12-roadster-s-r59/brakes/index4.html,
https://www.waymotorworks.com/02-06-cooper-s-r53/performance/drivetrain/cooling-system/index2.html?sort=title,
https://www.waymotorworks.com/textar-ceramic-brake-pads-r50-r52-r53.html,
https://www.waymotorworks.com/08-clubman-r55/index16.html?js=n,
https://www.waymotorworks.com/07-cooper-r56/handling/suspension/coilovers-shocks/index2.html,
https://www.waymotorworks.com/11-countryman-s-r60/index9.html,
https://www.waymotorworks.com/fuel-filler-tube-r55-r56-r57-r58-r59-cooper-s.html,
https://www.waymotorworks.com/used-a-c-evaporator-r50-r52-r53.html,
https://www.waymotorworks.com/MINI-Brakes/index5.html?sort=price,
http://waymotorworks.com/arp-main-stud-kit-r55-r56-r57-r58-r59-r60-r61.html?js=n,
https://www.waymotorworks.com/MINI-Brakes/index5.html?sort=title,
https://www.waymotorworks.com/02-06-cooper-s-r53/performance/drivetrain/cooling-system/index3.html,
https://www.waymotorworks.com/head-bolt-set-r50-r53.html,
https://www.waymotorworks.com/tsw-mini-performance-springs.html,
https://www.waymotorworks.com/prima-epic.html,
http://www.waymotorworks.com/wmwredbrakepackageR53.html?js=n,
https://www.waymotorworks.com/oem-chrome-exhaust-tips.html?printable=Y,
http://www.waymotorworks.com/sprint-booster-scangauge-package.html,
https://www.waymotorworks.com/nm-engineering-billet-aluminum-catch-tank.html,
https://www.waymotorworks.com/used-jcw-strut-bar-r52-r53.html?printable=Y,
http://www.waymotorworks.com/ebc-greenstuff-brake-pads-f54-f55-f56-f57-cooper-s.html?js=n,
https://www.waymotorworks.com/wmw-noise-maker-delete-hose.html,
https://www.waymotorworks.com/iridium-spark-plug-f54-f55-f56-f57-cooper-non-s.html,
https://www.waymotorworks.com/oem-belt-tensioner-r50.html?printable=Y,
https://www.waymotorworks.com/oem-mini-lower-engine-mount-r50-r53.html,
https://www.waymotorworks.com/12-roadster-s-r59/performance/index4.html,
http://www.waymotorworks.com/wmw-way-stiff-package-r53.html,
http://www.waymotorworks.com/cvt-transmission-pan-gasket.html,
https://www.waymotorworks.com/kw-variant-1-coilovers-f54-clubman.html,
http://www.waymotorworks.com/clutch-master-cylinder.html,
http://waymotorworks.com/27mm-oil-filter-socket.html,
http://www.waymotorworks.com/john-cooper-works-diffuser-f56.html?printable=Y,
https://waymotorworks.com/john-cooper-works-diffuser-f56.html?printable=Y,
http://waymotorworks.com/volvo-battery.html,
https://www.waymotorworks.com/powerflex-auto-transmission-mount-bushing-insert-r55-r56-r57-r58-r59.html,
https://www.waymotorworks.com/differential-bearings-f54-f55-f56-f57-f60.html?js=n,
https://www.waymotorworks.com/services.html,
https://www.waymotorworks.com/wiseco-piston-and-rings-set-n14-engine.html,
http://www.waymotorworks.com/throttle-body-mounting-bracket-r52-r53-cooper-s.html?printable=Y,
https://www.waymotorworks.com/used-engine-mount-bracket-r50-r53.html?printable=Y,
https://www.waymotorworks.com/rear-hatch-strut-r50-r53.html?js=n,
https://www.waymotorworks.com/02-06-cooper-s-r53/index15.html?printable=Y,
https://waymotorworks.com/27mm-oil-filter-socket.html,
http://www.waymotorworks.com/paper-panel-drop-in-filter-r52-r53-cooper-s.html,
http://www.waymotorworks.com/wmw-big-throttle-body-kit-r52-r53-cooper-s.html,
https://www.waymotorworks.com/exhaust-manifold-bolts-r50-r52-r53.html,
http://waymotorworks.com/contour-ebrake-handle.html,
https://www.waymotorworks.com/wmw-rma-form.pdf,
http://www.waymotorworks.com/product.php?productid=16252&cat=335&page=1,
http://www.waymotorworks.com/wmw-logo-tan-hat.html,
http://www.waymotorworks.com/john-cooper-works-pouch-racing-green.html?printable=Y,
http://www.waymotorworks.com/MINI-Brakes/index11.html,
https://www.waymotorworks.com/MINI-Brakes/index11.html,
http://www.waymotorworks.com/wiper-stalk-r50-r52-r53.html?printable=Y,
https://www.waymotorworks.com/12-coupe-s-r58/performance/drivetrain/cooling-system/index2.html?sort=title,
http://www.waymotorworks.com/05-08-cooper-cabrio-r52-maintenance-tools/?printable=Y,
http://www.waymotorworks.com/02-06-cooper-s-r53/index10.html,
http://waymotorworks.com/aftermarket-turbo-oil-return-line-r55-r56-r57-r58-r59-r60-r61.html,
https://www.waymotorworks.com/08-10-clubman-r55/index5.html?sort_direction=1,
https://www.waymotorworks.com/mini-oem/index2.html,
http://www.waymotorworks.com/aftermarket-turbo-oil-return-line-r55-r56-r57-r58-r59-r60-r61.html,
https://waymotorworks.com/contour-ebrake-handle.html,
https://www.waymotorworks.com/crankshaft-main-bearings-r52-r53.html,
http://waymotorworks.com/08-10-clubman-r55/maintenance/brakes/,
http://www.waymotorworks.com/wmw-budget-brake-package-r50-r53-r52.html,
http://www.waymotorworks.com/orange-bmw-2002-diecast-1-76.html,
https://www.waymotorworks.com/front-brake-caliper-seals-r50-r52-r53.html,
https://www.waymotorworks.com/fiat-500-front-control-arm-front-bushing.html,
https://waymotorworks.com/08-10-clubman-r55/maintenance/brakes/,
https://www.waymotorworks.com/oem-crank-pulley-cooper-s.html,
https://www.waymotorworks.com/air-lift-3h-control-system.html,
http://waymotorworks.com/forge-valve-spring-kit.html,
https://www.waymotorworks.com/R58-MINI-Coupe-S-Exterior/index4.html?js=n,
http://waymotorworks.com/ebc-red-stuff-r55-r56-r57-cooper-s-brake-pads.html?js=n,
http://waymotorworks.com/zimmerman-brake-rotors-r55-r56-r57-cooper-non-s.html,
https://www.waymotorworks.com/12-coupe-r58/interior/index3.html?sort=title,
https://www.waymotorworks.com/h-r-sport-springs-focus-rs.html?js=n,
http://www.waymotorworks.com/zimmerman-brake-rotors-r55-r56-r57-cooper-non-s.html,
https://www.waymotorworks.com/zimmerman-brake-rotors-r55-r56-r57-cooper-non-s.html,
http://www.waymotorworks.com/used-cvt-flywheel-r50-r52.html,
https://www.waymotorworks.com/kw-variant-2-coilovers-f60-countryman.html,
https://www.waymotorworks.com/fel-pro-valve-cover-gasket-r55-r56-r57-r58-r59-cooper-s.html?js=n,
http://waymotorworks.com/ebc-ultimax-brake-pads-f55-f56-f57-cooper-s.html?js=n,
https://www.waymotorworks.com/08-10-clubman-r55/index16.html,
https://www.waymotorworks.com/08-10-clubman-r55/index5.html?sort=price,
https://www.waymotorworks.com/radiator-for-r52-r53.html,
http://www.waymotorworks.com/17-f57-cooper-s-cabrio-exterior/index3.html,
https://www.waymotorworks.com/used-bleeder-heater-pipe-r52-r53.html,
https://www.waymotorworks.com/11-countryman-s-r60/maintenance/index5.html,
http://waymotorworks.com/fuel-filter-oem-r55-r56-r57-r58-r59.html,
http://www.waymotorworks.com/powerflex-transmission-mount-bushing-insert-r55-r56-r57-r58-r59.html,
http://www.waymotorworks.com/prima-epic.html,
http://www.waymotorworks.com/contour-ebrake-handle.html,
https://www.waymotorworks.com/powerflex-front-control-arm-polyurethane-bushing-kit-p2.html,
https://www.waymotorworks.com/rear-trailing-arm-to-wheel-bearing-bolts-r55-r56-r57-r58-r59.html,
https://www.waymotorworks.com/handling/suspension/coilovers/index2.html?sort=price,
https://www.waymotorworks.com/timing-chain-r50-r52-r53.html,
https://waymotorworks.com/fuel-filter-oem-r55-r56-r57-r58-r59.html,
http://waymotorworks.com/muteki-lug-nuts.html,
https://www.waymotorworks.com/12-coupe-s-r58/handling/suspension/braces-bushings-plates/index3.html,
http://www.waymotorworks.com/nm-engineering-stainless-steel-brake-lines-f55-f56-f57.html,
https://www.waymotorworks.com/k1-connecting-rods-r52-r53-cooper-s.html,
http://waymotorworks.com/05-08-cooper-cabrio-r52-maintenance-tools/,
https://www.waymotorworks.com/powerflex-front-control-arm-polyurethane-bushing-kit-r55-r56-r57-r58-r59.html,
http://www.waymotorworks.com/muteki-lug-nuts.html,
https://waymotorworks.com/muteki-lug-nuts.html,
https://www.waymotorworks.com/invidia-q300-exhaust-for-f56-mini-cooper-s.html?printable=Y,
https://waymotorworks.com/map-sensor-tube-r52-r53-cooper-s.html?printable=Y,
http://www.waymotorworks.com/05-08-cooper-cabrio-r52-maintenance-tools/,
http://www.waymotorworks.com/h-r-coilovers-for-05-08-mc-and-mcs-convertible.html,
https://www.waymotorworks.com/wmw-logo-tan-hat.html,
http://waymotorworks.com/motul-rbf-660-brake-fluid.html,
http://www.waymotorworks.com/akebono-brake-pads-f60-countryman-s.html,
http://www.waymotorworks.com/anthracite-headlight-trim-rings-paceman-r61.html,
https://www.waymotorworks.com/anthracite-headlight-trim-rings-paceman-r61.html,
https://www.waymotorworks.com/reverse-light-switch-connector-r52-r53-cooper-s.html,
https://www.waymotorworks.com/radiator-mounting-pins-r50-r52-r53.html?printable=Y,
https://www.waymotorworks.com/camshaft-position-sensor-o-ring.html,
https://www.waymotorworks.com/seat-lumbar-support-f54-f55-f56-f56-f60.html,
https://www.waymotorworks.com/oem-power-steering-pump.html,
https://www.waymotorworks.com/blackout-tail-light-trim-rings-f56-mini.html,
https://www.waymotorworks.com/mini-gold-portfolio-book-1969-1980.html,
https://www.waymotorworks.com/enkei-19-raijin-lightweight-wheel-for-mini-countryman-r60.html,
https://www.waymotorworks.com/ebc-blue-stuff-brake-pads-r50-r53-r52.html,
http://www.waymotorworks.com/water-pump-oring-r52-r53.html,
https://waymotorworks.com/water-pump-oring-r52-r53.html,
https://www.waymotorworks.com/cravenspeed-short-shifter-r55-r56-r57.html,
http://www.waymotorworks.com/15-f55-cooper-s/index7.html,
https://www.waymotorworks.com/brake-caliper-pad-clips-r55-r56-r57-r58-r59-cooper-s.html,
https://www.waymotorworks.com/02-06-cooper-s-r53/performance/index7.html,
https://www.waymotorworks.com/m14-to-m12-stud-conversion-kit-r60-mini-countryman.html,
https://www.waymotorworks.com/invidia-q300-catback-exhaust-r56.html,
https://www.waymotorworks.com/r55-clubman-rear-barn-door-actuator-passenger-side.html,
https://www.waymotorworks.com/nm-plug-in-play-tuning-module-2011-turbo-n18-engine.html,
http://waymotorworks.com/oem-cooper-non-s-drive-belt.html,
https://www.waymotorworks.com/used-r56-5-spoke-wheel.html,
http://www.waymotorworks.com/09-10-cabrio-r57/performance/drivetrain/index8.html,
https://www.waymotorworks.com/07-10-cooper-r56/performance/drivetrain/index8.html?sort=price,
https://www.waymotorworks.com/used-water-pump-pipe-r52-r53.html,
https://www.waymotorworks.com/wmw/index5.html,
http://www.waymotorworks.com/05-08-cooper-cabrio-r52/index16.html,
https://www.waymotorworks.com/08-clubman-r55/handling/suspension/coilovers-shocks/index2.html,
https://www.waymotorworks.com/clutch-masters-clutch-and-flywheel-kit-r60-countryman-s.html,
https://www.waymotorworks.com/front-r56-s-brake-conversion-kit.html,
https://www.waymotorworks.com/john-cooper-works-cylinder-head-r50-r52-r53.html,
https://www.waymotorworks.com/kw-variant-3-coilovers-r50-52-53.html,
https://www.waymotorworks.com/alloy-header-tank-for-mini-07-on-r56-models.html,
https://www.waymotorworks.com/wmw-strut-tower-brace-r52-r53.html,
http://www.waymotorworks.com/oem-mini-sport-antenna.html,
https://www.waymotorworks.com/oem-mini-sport-antenna.html,
https://www.waymotorworks.com/supercharger-tube-clip-r52-r53.html,
https://www.waymotorworks.com/rear-wiper-delete-kit.html,
https://www.waymotorworks.com/control-arm-bushing-bolts-r50-r53-r52.html,
https://www.waymotorworks.com/m12x1.5-wheel-stud-kit.html,
https://www.waymotorworks.com/cv-axle-f55-f56-f57-cooper-s.html,
https://www.waymotorworks.com/f56-jcw-18-wheel.html,
https://www.waymotorworks.com/st-rear-22mm-swaybar-r50-r52-r53.html,
https://www.waymotorworks.com/maintenance/brake-pads/index3.html,
https://waymotorworks.com/countryman-s-all-4-quicksilver-exhaust.html,
https://www.waymotorworks.com/02-06-cooper-s-r53/handling/index4.html?js=n,
https://www.waymotorworks.com/12-roadster-s-r59/maintenance/index6.html,
https://www.waymotorworks.com/countryman-jcw-rear-caliper-brackets.html?printable=Y,
https://www.waymotorworks.com/clear-side-scuttle-turn-signals-r50-r52-r53.html,
http://www.waymotorworks.com/ireland-engineering-adjustable-camber-plates-r50-r53.html?printable=Y,
https://www.waymotorworks.com/used-cam-sprocket-r50-r52-r53.html?printable=Y,
http://www.waymotorworks.com/wmw/index11.html,
https://www.waymotorworks.com/handling/suspension/coilovers/index2.html?sort_direction=1,
http://www.waymotorworks.com/used-oil-cooler-coolant-pipe-bracket-r52-r53.html?printable=Y,
https://www.waymotorworks.com/ebrake-handle-r50-r52-r53.html?printable=Y,
https://www.waymotorworks.com/rear-trailing-arm-bushing-bolt-r50-r52-r53.html?js=n,
https://www.waymotorworks.com/cp-piston-set-r52-r53.html,
https://www.waymotorworks.com/r52-chrome-letter-badge.html?js=n,
http://www.waymotorworks.com/forge-intake-hose-n18-engine-r55-r56-r57-r58-r59-r60-r61.html?printable=Y,
https://www.waymotorworks.com/mini-countryman-s-oem-tow-hook-cover-r60-s-front.html,
https://www.waymotorworks.com/maintenance/all/index15.html?js=n,
https://www.waymotorworks.com/inner-tie-rod-boot-r50-r52-r53.html?printable=Y,
https://www.waymotorworks.com/tsw-rotors.html?printable=Y,
https://www.waymotorworks.com/original-mini-0w20-oil-quart.html?js=n,
https://www.waymotorworks.com/tail-light-gasket-seal-r50-r53-r52.html?printable=Y,
https://www.waymotorworks.com/timing-cover-oil-pump-seal-kit-r50-r52-r53.html?js=n,
https://www.waymotorworks.com/14-f56-cooper-s/index11.html,
https://www.waymotorworks.com/subwoofer-upgrade-kit-f55-f56-f57.html?printable=Y,
https://www.waymotorworks.com/used-map-sensor-thermostat-mounting-bracket-r52-r53.html?printable=Y,
https://www.waymotorworks.com/front-strut-shaft-boot-r50-r52-r53.html?js=n,
http://www.waymotorworks.com/08-10-clubman-r55/performance/index10.html?js=n,
https://www.waymotorworks.com/red-and-black-r58-coupe-diecast-model.html?printable=Y,
https://www.waymotorworks.com/f55-r56-r57-wheel-tpms-sensor.html,
http://www.waymotorworks.com/02-06-cooper-s-r53/performance/index8.html?sort=title,
https://www.waymotorworks.com/hood-switch-r50-r52-r53.html?printable=Y,
https://www.waymotorworks.com/f56-cooper-s-b48-racechip-s-module.html?printable=Y,
https://www.waymotorworks.com/throttle-body-gasket-r52-r53-cooper-s.html?printable=Y,
https://www.waymotorworks.com/torque-solution-rear-toe-link-kit-porsche-996-997-cayman-boxster.html?js=n,
https://www.waymotorworks.com/zippee-shade-for-sunroof-r56.html?printable=Y,
https://www.waymotorworks.com/jcw-stage-1-r56-air-filter.html,
https://www.waymotorworks.com/nm-plug-in-play-tuning-module-2011-turbo-n18-engine.html?printable=Y,
https://www.waymotorworks.com/02-06-cooper-s-r53/handling/suspension/sway-bars/,
https://waymotorworks.com/nm-engineering-rse05-17-5-lug-light-weight-wheel.html?js=n,
https://www.waymotorworks.com/black-and-red-r58-coupe-diecast-model.html?js=n,
https://www.waymotorworks.com/cravenspeed-coolant-temp-adapter-r55-r56-r57-r58-r59-r60-r61.html,
https://www.waymotorworks.com/head-bolt-set-r55-r56-r57-r58-r59-r60-r61.html,
http://www.waymotorworks.com/hawk-hps-r52-r53-cooper-s-jcw-brake-pads.html?js=n,
https://www.waymotorworks.com/used-folding-rear-seat-catches-r50-r52-r53.html?js=n,
https://www.waymotorworks.com/clubman-1-1-4-trailer-hitch.html,
https://www.waymotorworks.com/battery-cover-r60-countryman-r61-paceman.html?printable=Y,
http://www.waymotorworks.com/product.php?productid=20156&cat=979&page=1,
https://www.waymotorworks.com/tweed-grey-diecast-austin-mini-1-43.html?js=n,
http://www.waymotorworks.com/fel-pro-valve-cover-gasket-r55-r56-r57-r58-r59-cooper-s.html,
https://www.waymotorworks.com/used-oil-cooler-coolant-pipe-bracket-r52-r53.html?printable=Y,
https://www.waymotorworks.com/magnaflow-exhaust-for-f56-mini-cooper-s.html?js=n,
https://www.waymotorworks.com/08-10-clubman-r55/performance/index3.html,
https://www.waymotorworks.com/front-wheel-arch-r55-r56-r57-r58-r59.html?printable=Y,
http://www.waymotorworks.com/used-r56-frame-rail.html?printable=Y,
https://www.waymotorworks.com/fel-pro-intake-manifold-gasket-r52-r53-cooper-s.html?js=n,
https://www.waymotorworks.com/f56-jcw-18-wheel.html?printable=Y,
https://www.waymotorworks.com/borla-focus-st-cat-back-exhaust.html?printable=Y,
https://www.waymotorworks.com/mini-oem-hood-scoop-clip-set-r55-r56-r57-r58-r59-cooper-s.html?js=n,
https://www.waymotorworks.com/f55-chrome-letter-badge.html,
https://www.waymotorworks.com/mini-shape-charm.html?printable=Y,
https://www.waymotorworks.com/at-transmission-filter-and-pan-gasket-r52-r53-cooper-s.html?js=n,
http://www.waymotorworks.com/alta-used-15-pulley.html?js=n,
https://www.waymotorworks.com/headlight-mounting-nuts-r55-r56-r57-r58-r59-r60-r61.html?js=n,
https://www.waymotorworks.com/jcw-brake-caliper-seals-r52-r53.html?printable=Y,
https://www.waymotorworks.com/wmw-stainless-turbo-oil-line-kit.html?js=n,
https://www.waymotorworks.com/cooper-s-chrome-gas-door-assembly-dark-silver.html?printable=Y,
https://www.waymotorworks.com/oem-belt-tensioner-r50.html?js=n,
https://www.waymotorworks.com/carbon-fiber-steering-wheel-trim-f54-f55-f56-f57.html?js=n,
https://www.waymotorworks.com/used-cvt-trans-module-r50-r52.html?printable=Y,
https://www.waymotorworks.com/dinan-f55-f56-cooper-non-s-b36-b38-tuning-module.html?js=n,
https://www.waymotorworks.com/f56-cooper-s-b48-racechip-rs-module.html?js=n,
https://www.waymotorworks.com/hawk-hps-r55-r56-r57-r58-r59-cooper-s-brake-pads.html,
https://www.waymotorworks.com/focus-rs-torque-solution-lower-engine-mount.html?printable=Y,
http://www.waymotorworks.com/led-side-fender-turn-signals-r60-r61.html?printable=Y,
https://www.waymotorworks.com/arp-camshaft-bolt-r50-r52-r53.html,
https://www.waymotorworks.com/chassis-bones-rear-body-brace-f56-hatchback.html?js=n,
https://www.waymotorworks.com/mini-shape-cufflinks.html?js=n,
https://www.waymotorworks.com/timing-tool-kit-r50-r52-r53.html?printable=Y,
https://www.waymotorworks.com/mdm-trailer-hitch-r58-r59.html?js=n,
https://www.waymotorworks.com/borla-focus-st-cat-back-exhaust.html?js=n,
https://www.waymotorworks.com/chassis-bones-body-braces-bmw-x1-x2.html,
https://www.waymotorworks.com/crankshaft-position-sensor-r50-r52-r53.html?js=n,
https://www.waymotorworks.com/headlight-trim-ring-r50-r52-r53.html?js=n,
https://www.waymotorworks.com/airtec-intercooler-r55-r56-r57-r58-r59.html,
http://www.waymotorworks.com/g-loc-brake-pads-f55-f56-f57-cooper-s.html,
https://www.waymotorworks.com/ebrake-handle-r50-r52-r53.html?js=n,
https://www.waymotorworks.com/used-start-stop-button-r55-r56-r57-r58-r59.html?js=n,
https://www.waymotorworks.com/powerflex-lower-engine-mount-polyurathane-bushing-insert.html,
https://www.waymotorworks.com/bbk-65mm-throttle-boday-focus-rs.html?js=n,
https://www.waymotorworks.com/powerflex-engine-mount-bushing-set-f54-f55-f56-f57-f60.html?printable=Y,
https://www.waymotorworks.com/wmw-performance-spark-plug-wires.html?printable=Y,
https://www.waymotorworks.com/aem-f54-f55-f56-f57-cooper-s-intake.html?printable=Y,
https://www.waymotorworks.com/intake-plastic-partition-r52-r53.html?printable=Y,
https://www.waymotorworks.com/cravenspeed-big-pair-chassis-braces-f57-mini.html?js=n,
https://www.waymotorworks.com/mini-shape-charm.html?js=n,
https://www.waymotorworks.com/cravenspeed-platypus-plate-holder.html?js=n,
https://www.waymotorworks.com/oem-mini-oil-filter-r50-r53.html,
http://www.waymotorworks.com/os-giken-gt-clutch-r60-countryman-s.html,
https://www.waymotorworks.com/h-r-15mm-wheel-spacers-f54-f55-f56-mini.html,
https://www.waymotorworks.com/cylinder-head-rebuild-r50-r52-r53.html?js=n,
https://www.waymotorworks.com/stock-intercooler-for-r52-r53-cooper-s.html,
https://www.waymotorworks.com/headlight-mounting-nuts-r55-r56-r57-r58-r59-r60-r61.html?printable=Y,
https://www.waymotorworks.com/stoptech-drilled-and-slotted-brake-rotors-r50-r53-r52.html,
https://www.waymotorworks.com/wmw-stainless-turbo-oil-line-kit.html?printable=Y,
https://www.waymotorworks.com/jcw-brakes-spare-tire-spacer-kit.html,
https://www.waymotorworks.com/cooper-s-gas-cap-conversion-kit-f55-f56.html,
https://www.waymotorworks.com/wmw-adjustable-swaybar-endlinks.html,
https://www.waymotorworks.com/h-r-sport-springs-r57-convertible.html,
https://www.waymotorworks.com/invidia-n1-catback-exhaust-r53.html?printable=Y,
http://www.waymotorworks.com/mini-oem-tow-hook.html,
http://www.waymotorworks.com/05-08-cooper-cabrio-r52/maintenance/all/index6.html,
https://www.waymotorworks.com/chrome-headlight-trim-rings-countryman-r60.html?printable=Y,
https://www.waymotorworks.com/fuel-pressure-sensor-n18-engine.html?printable=Y,
http://www.waymotorworks.com/magnaflow-exhaust-r50-cooper-non-s.html?printable=Y,
https://www.waymotorworks.com/fuel-pump-in-tank-r60-countryman-s.html,
https://www.waymotorworks.com/used-r56-cooper-s-rear-wing-spoiler.html?js=n,
https://www.waymotorworks.com/used-oem-r52-r53-intercooler.html?js=n,
https://www.waymotorworks.com/automatic-shifter-box-assembly-f54-f55-f56-f57.html,
https://www.waymotorworks.com/short-shifter-package-r60-r61.html,
https://www.waymotorworks.com/cravenspeed/index3.html,
https://www.waymotorworks.com/textar-jcw-brake-pads-r55-r56-r57-r58-r59-cooper-s.html?printable=Y,
https://www.waymotorworks.com/handling/suspension/coilovers/index2.html?sort=title,
https://www.waymotorworks.com/12-roadster-s-r59/performance/index4.html?js=n,
https://www.waymotorworks.com/oil-wrench.html?js=n,
https://www.waymotorworks.com/clutchmasters-lightweight-steel-flywheel-r52-r53-cooper-s.html,
https://www.waymotorworks.com/schroth-quickfit-mini-racing-harness-r55-r56-r57.html,
https://www.waymotorworks.com/used-engine-mount-bracket-r50-r53.html?js=n,
https://www.waymotorworks.com/fiesta-st-eibach-pro-springs.html?printable=Y,
https://www.waymotorworks.com/milltek-cat-back-exhaust-focus-st.html?printable=Y,
https://www.waymotorworks.com/fiesta-st-eibach-pro-springs.html?js=n,
https://www.waymotorworks.com/chrome-headlight-trim-rings-countryman-r60.html?js=n,
http://www.waymotorworks.com/gas-pedal-mounting-bracket-r50-r52-r53.html,
http://waymotorworks.com/afe-magnum-force-intake-n18-engine.html,
https://www.waymotorworks.com/transmission-shift-shaft-weight-r52-r53-cooper-s.html?js=n,
http://www.waymotorworks.com/coolant-expansion-tank-hose-r52-r53.html?printable=Y,
https://www.waymotorworks.com/R60countryman-exterior/index2.html?printable=Y,
http://www.waymotorworks.com/aft-front-control-arm-f54-f55-f56-f57.html?js=n,
https://www.waymotorworks.com/coolant-expansion-tank-hose-r52-r53.html?printable=Y,
https://www.waymotorworks.com/cravenspeed-gauge-kit-r55-r56-r57-r58-r59.html,
https://www.waymotorworks.com/water-pump-hose-r52-r53.html,
https://www.waymotorworks.com/passenger-side-reverse-light-r56-r57-r58-r59.html?printable=Y,
https://www.waymotorworks.com/r60-countryman-lowering-springs.html,
https://www.waymotorworks.com/bbs-rg-r-4x100-wheels.html,
https://www.waymotorworks.com/nm-engineering-25mm-gt-rear-sway-bar-f54-clubman.html?js=n,
https://www.waymotorworks.com/belt-tensioner-r55-r56-r57-r58-r59-r60-r61.html,
https://www.waymotorworks.com/engine-mount-f55-f56-f57-cooper-s.html?js=n,
https://www.waymotorworks.com/engine-parts/index4.html,
https://www.waymotorworks.com/denso-iridium-spark-plugs.html?printable=Y,
https://www.waymotorworks.com/john-cooper-works-pouch-racing-green.html?js=n,
https://www.waymotorworks.com/forge-vent-to-atmosphere-valve-n18.html,
https://www.waymotorworks.com/m2-machines-pink-lemonade-vw-van-diecast-car-pair.html,
https://www.waymotorworks.com/remus-catback-r56-cooper-non-s.html,
https://www.waymotorworks.com/bentley-mini-service-repair-manual.html,
https://www.waymotorworks.com/quicksilver-exhaust-for-f56-mini-cooper-non-s.html,
https://waymotorworks.com/jcw-380cc-injectors.html?printable=Y,
https://www.waymotorworks.com/convertible-top-chrome-trim-r57.html,
https://www.waymotorworks.com/550cc-fuel-injectors.html,
https://www.waymotorworks.com/m12x1.5-wheel-stud-kit-for-20mm-spacers.html,
https://www.waymotorworks.com/cooper-s-badge.html?printable=Y,
https://www.waymotorworks.com/14-f56-cooper-s/index7.html,
https://www.waymotorworks.com/09-cooper-cabrio-s-r57/performance/drivetrain/cooling-system/,
https://www.waymotorworks.com/large-notch-hood-scoop-r52-r53.html?printable=Y,
https://www.waymotorworks.com/used-shift-lever-04-06-r50-r52-r53.html,
https://www.waymotorworks.com/12-coupe-s-r58/performance/drivetrain/cooling-system/index2.html?sort=price,
https://www.waymotorworks.com/recaro-expert-m-seat-black-leather-black-artista.html,
https://www.waymotorworks.com/front-arch-light-r50-r52-r53.html,
https://www.waymotorworks.com/black-door-handle-covers-f60-countryman.html?js=n,
http://www.waymotorworks.com/cravenspeed-gauge-mount-kit-r50-r52-r53.html?js=n,
https://www.waymotorworks.com/09-10-cabrio-r57/index23.html?sort_direction=1,
https://www.waymotorworks.com/12-roadster-s-r59/exterior/accessories/index3.html,
https://www.waymotorworks.com/a-c-expansion-valve-r55-r56-r57-r58-r59.html,
https://www.waymotorworks.com/jcw-turbo-inlet-hose-r55-r56-r57.html?js=n,
https://www.waymotorworks.com/fuel-feed-line-r55-r56-r57-r58-r59.html?js=n,
http://www.waymotorworks.com/used-ac-compressor-r50-r52-r53.html?js=n,
https://www.waymotorworks.com/08-10-clubman-r55/maintenance/all/index6.html?sort_direction=1,
https://www.waymotorworks.com/09-10-cabrio-r57/index23.html?printable=Y,
https://www.waymotorworks.com/maintenance/all/index15.html?sort_direction=1,
https://www.waymotorworks.com/oil-filter-housing-to-block-gasket-r50-r52-r53.html,
https://www.waymotorworks.com/powerflex-engine-mount-insert-set-r55-r56-r57-r58-r59.html,
https://www.waymotorworks.com/g-loc-brake-pads-r56-gp2.html,
https://www.waymotorworks.com/rear-bumper-support-r50-r53.html,
https://www.waymotorworks.com/timing-cover-oil-pump-seal-kit-r50-r52-r53.html,
https://www.waymotorworks.com/rear-main-seal-r50-r52-r53.html,
https://www.waymotorworks.com/h-r-sport-springs-f54-clubman.html,
https://www.waymotorworks.com/07-cooper-r56/exterior/index5.html?sort_direction=1,
https://www.waymotorworks.com/hella-direct-replacement-horn-kit.html,
https://www.waymotorworks.com/chassis-bones-body-braces-f54-clubman.html?printable=Y,
https://www.waymotorworks.com/handling/suspension/springs/index2.html?sort=title,
https://www.waymotorworks.com/enkei-19-raijin-lightweight-wheel-for-mini-countryman-r60.html?printable=Y,
https://www.waymotorworks.com/st-coilovers-r50-r52-r53.html,
https://www.waymotorworks.com/09-10-cabrio-r57/index23.html?js=n,
https://www.waymotorworks.com/wmw-25mm-rear-sway-bar-f55-f56-f57.html,
http://www.waymotorworks.com/used-engine-ground-wire-r50-r52-r53.html,
https://www.waymotorworks.com/nm-engineering-downpipe-back-exhaust.html,
https://www.waymotorworks.com/mini-spare-tire-wheel-rim-only-f55-f56-f57.html,
https://www.waymotorworks.com/koni-fsd-shocks-f55-f56.html,
https://www.waymotorworks.com/headlight-trim-ring-clips-f55-f56-f57-mini.html,
https://www.waymotorworks.com/heater-blower-motor-r50-r52-r53.html,
https://www.waymotorworks.com/motul-rbf-600-brake-fluid.html,
https://www.waymotorworks.com/lower-engine-mount-f55-f56-f57-cooper-s.html,
https://www.waymotorworks.com/02-06-cooper-r50/handling/index6.html,
http://www.waymotorworks.com/turbocharger-coolant-line-banjo-bolts-r55-r56-r57-r58-r59-r60-r61.html,
https://www.waymotorworks.com/custom-leather-steering-wheel-r55-r56-r57-r58-r59-r60-r61.html,
https://www.waymotorworks.com/nm-engineering-carbon-fiber-induction-kit.html?printable=Y,
https://www.waymotorworks.com/mission-control-voice-module.html,
https://www.waymotorworks.com/08-clubman-r55/index14.html?printable=Y,
https://www.waymotorworks.com/mini-wheel-center-caps-f54-f55-f56-f57.html,
https://www.waymotorworks.com/08-clubman-r55/index14.html?sort=price,
https://www.waymotorworks.com/black-door-handles-f55-4-door.html,
https://www.waymotorworks.com/09-10-cabrio-r57/index23.html?sort=title,
https://www.waymotorworks.com/product.php?productid=19757&cat=934&page=1,
https://www.waymotorworks.com/fuel-feed-line-r55-r56-r57-r58-r59.html?printable=Y,
https://waymotorworks.com/manufacturers/?page=84,
https://www.waymotorworks.com/used-oil-cooler-hard-lines-cooper-s-r52-r53.html,
https://www.waymotorworks.com/vorshlag-camber-plates.html,
https://www.waymotorworks.com/oem-oil-filter-kit-r60-mini-countryman.html,
https://www.waymotorworks.com/12-coupe-r58/exterior/index2.html?sort=price,
https://www.waymotorworks.com/12-coupe-r58/exterior/index2.html?js=n,
http://www.waymotorworks.com/f60-black-boot-badge-emblem.html?js=n,
https://www.waymotorworks.com/john-cooper-works-mini-lowering-springs.html,
http://www.waymotorworks.com/f60-black-boot-badge-emblem.html?printable=Y,
http://www.waymotorworks.com/h-r-sport-springs-r60-mini-countryman.html?js=n,
https://www.waymotorworks.com/02-06-cooper-s-r53/maintenance/all/index3.html,
https://www.waymotorworks.com/08-clubman-r55/index14.html?sort=title,
https://www.waymotorworks.com/m2-diecast-car.html,
http://www.waymotorworks.com/nm-engineering/index2.html,
https://www.waymotorworks.com/used-power-steering-tank-mount-nuts-r52-r53-r50.html,
https://www.waymotorworks.com/08-clubman-r55/index14.html?js=n,
https://www.waymotorworks.com/tensioner-friction-wheel.html,
https://www.waymotorworks.com/oem-front-swaybar-bushings-r50-r52-r53.html?printable=Y,
https://www.waymotorworks.com/07-10-cooper-r56/index7.html?sort=price,
https://www.waymotorworks.com/textar-jcw-brake-pads-r55-r56-r57-r58-r59-cooper-s.html?js=n,
https://www.waymotorworks.com/09-10-cabrio-r57/index23.html?sort=price,
http://www.waymotorworks.com/rear-wiper-delete-kit.html,
https://www.waymotorworks.com/fuel-feed-line-r55-r56-r57-r58-r59.html,
http://www.waymotorworks.com/wmw-20mm-wheel-spacers.html,
https://www.waymotorworks.com/front-upper-strut-mount-nuts.html,
https://www.waymotorworks.com/blackout-headlight-trim-rings-f56-mini.html,
http://www.waymotorworks.com/timing-chain-guide-rail-bearing-bolts-r55-r56-r57-cooper-s.html,
http://www.waymotorworks.com/rubber-control-arm-bushings-r50-r53-r52.html,
https://www.waymotorworks.com/wmw-12mm-wheel-spacers-f54-f55-f56-f57-mini.html,
https://www.waymotorworks.com/ebc-redstuff-r55-r56-r57-brake-pads-cooper-non-s.html,
https://www.waymotorworks.com/nm-adjustable-front-sway-bar-links.html,
https://www.waymotorworks.com/exhaust-flange-gasket-r50-r52-r53.html,
https://www.waymotorworks.com/rear-hatch-latch-r60-r61.html,